regime,category,n,accuracy,cant_tell_rate,mean_words,median_words_before,mean_words_before,median_latency_s,mean_latency_s
verbose,dial,26,0.269,0.0,94.2,38,36.5,21.27,20.57
verbose,readout,26,0.115,0.0,83.2,15,17,18.33,19.75
verbose,date,26,0.923,0.0,67.2,13.0,19.2,17.52,18.45
verbose,label_pick,26,0.731,0.0,65.1,15.5,15.7,18.93,18.83
verbose,medication,26,0.769,0.0,36.7,10.0,11.1,18.0,18.88
verbose,button,26,0.923,0.0,12.6,5.0,6.3,14.31,14.65
verbose,all,156,0.622,0.0,59.8,12.0,16.8,17.96,18.52
terse,dial,26,0.154,0.462,2.9,0.0,0,13.69,13.66
terse,readout,26,0.115,0.038,1.8,0,0,13.68,13.71
terse,date,26,0.885,0.0,1.5,0,0,13.61,13.66
terse,label_pick,26,1.0,0.0,2,0.0,0,13.32,13.33
terse,medication,26,1.0,0.0,2.5,0.0,0,13.24,13.27
terse,button,26,0.923,0.0,2,0.0,0,13.22,13.2
terse,all,156,0.679,0.083,2.1,0.0,0,13.45,13.47
terse_ocr,dial,26,0.231,0.423,2.9,0.0,0,13.56,13.09
terse_ocr,readout,26,0.192,0.077,1.8,0,0,9.81,9.96
terse_ocr,date,26,0.885,0.0,1.5,0,0,12.84,13.47
terse_ocr,label_pick,26,1.0,0.0,2,0.0,0,13.09,12.95
terse_ocr,medication,26,1.0,0.0,2.5,0.0,0,13.4,13.39
terse_ocr,button,26,0.923,0.0,2,0.0,0,12.95,13.06
terse_ocr,all,156,0.705,0.083,2.1,0.0,0,12.93,12.65
